individual,marker,genotype,well_smart,well_XT,col_XT,row_XT,replicate,batch,sample_id,,,i7_index,i5_index
SGCB9,Lin-Itga7+,Dystrophic,A01,A01,1,A,1,SGCB9.1,TAAGGCGA-CTCTCTAT,,,N701,S502
SGCB9,Lin-Itga7+,Dystrophic,A01,A02,2,A,2,SGCB9.2,CGTACTAG-CTCTCTAT,,,N702,S502
SGCB9,Lin-Itga7+,Dystrophic,A02,A03,3,A,1,SGCB9.1,AGGCAGAA-CTCTCTAT,,,N703,S502
SGCB9,Lin-Itga7+,Dystrophic,A02,A04,4,A,2,SGCB9.2,TCCTGAGC-CTCTCTAT,,,N704,S502
SGCB9,Lin-Itga7+,Dystrophic,A03,A05,5,A,1,SGCB9.1,GGACTCCT-CTCTCTAT,,,N705,S502
SGCB9,Lin-Itga7+,Dystrophic,A03,A06,6,A,2,SGCB9.2,TAGGCATG-CTCTCTAT,,,N706,S502
SGCB9,Lin-Itga7+,Dystrophic,A04,A07,7,A,1,SGCB9.1,CTCTCTAC-CTCTCTAT,,,N707,S502
SGCB9,Lin-Itga7+,Dystrophic,A04,A08,8,A,2,SGCB9.2,CGAGGCTG-CTCTCTAT,,,N710,S502
SGCB9,Lin-Alpl+,Dystrophic,A05,A09,9,A,1,SGCB9.1,AAGAGGCA-CTCTCTAT,,,N711,S502
SGCB9,Lin-Alpl+,Dystrophic,A05,A10,10,A,2,SGCB9.2,GTAGAGGA-CTCTCTAT,,,N712,S502
SGCB9,Lin-Alpl+,Dystrophic,A06,A11,11,A,1,SGCB9.1,GCTCATGA-CTCTCTAT,,,N714,S502
SGCB9,Lin-Alpl+,Dystrophic,A06,A12,12,A,2,SGCB9.2,ATCTCAGG-CTCTCTAT,,,N715,S502
SGCB9,Lin-Alpl+,Dystrophic,A07,A13,13,A,1,SGCB9.1,ACTCGCTA-CTCTCTAT,,,N716,S502
SGCB9,Lin-Alpl+,Dystrophic,A07,A14,14,A,2,SGCB9.2,GGAGCTAC-CTCTCTAT,,,N718,S502
SGCB9,Lin-Alpl+,Dystrophic,A08,A15,15,A,1,SGCB9.1,GCGTAGTA-CTCTCTAT,,,N719,S502
SGCB9,Lin-Alpl+,Dystrophic,A08,A16,16,A,2,SGCB9.2,CGGAGCCT-CTCTCTAT,,,N720,S502
SGCB9,Lin-Sca1+,Dystrophic,A09,A17,17,A,1,SGCB9.1,TACGCTGC-CTCTCTAT,,,N721,S502
SGCB9,Lin-Sca1+,Dystrophic,A09,A18,18,A,2,SGCB9.2,ATGCGCAG-CTCTCTAT,,,N722,S502
SGCB9,Lin-Sca1+,Dystrophic,A10,A19,19,A,1,SGCB9.1,TAGCGCTC-CTCTCTAT,,,N723,S502
SGCB9,Lin-Sca1+,Dystrophic,A10,A20,20,A,2,SGCB9.2,ACTGAGCG-CTCTCTAT,,,N724,S502
SGCB9,Lin-Sca1+,Dystrophic,A11,A21,21,A,1,SGCB9.1,CCTAAGAC-CTCTCTAT,,,N726,S502
SGCB9,Lin-Sca1+,Dystrophic,A11,A22,22,A,2,SGCB9.2,CGATCAGT-CTCTCTAT,,,N727,S502
SGCB9,Lin-Sca1+,Dystrophic,A12,A23,23,A,1,SGCB9.1,TGCAGCTA-CTCTCTAT,,,N728,S502
SGCB9,Lin-Sca1+,Dystrophic,A12,A24,24,A,2,SGCB9.2,TCGACGTC-CTCTCTAT,,,N729,S502
WT39,Lin-Itga7+,Healthy,A01,B01,1,B,1,WT39.1,TAAGGCGA-TATCCTCT,,,N701,S503
WT39,Lin-Itga7+,Healthy,A01,B02,2,B,2,WT39.2,CGTACTAG-TATCCTCT,,,N702,S503
WT39,Lin-Itga7+,Healthy,A02,B03,3,B,1,WT39.1,AGGCAGAA-TATCCTCT,,,N703,S503
WT39,Lin-Itga7+,Healthy,A02,B04,4,B,2,WT39.2,TCCTGAGC-TATCCTCT,,,N704,S503
WT39,Lin-Itga7+,Healthy,A03,B05,5,B,1,WT39.1,GGACTCCT-TATCCTCT,,,N705,S503
WT39,Lin-Itga7+,Healthy,A03,B06,6,B,2,WT39.2,TAGGCATG-TATCCTCT,,,N706,S503
WT39,Lin-Itga7+,Healthy,A04,B07,7,B,1,WT39.1,CTCTCTAC-TATCCTCT,,,N707,S503
WT39,Lin-Itga7+,Healthy,A04,B08,8,B,2,WT39.2,CGAGGCTG-TATCCTCT,,,N710,S503
WT39,Lin-Alpl+,Healthy,A05,B09,9,B,1,WT39.1,AAGAGGCA-TATCCTCT,,,N711,S503
WT39,Lin-Alpl+,Healthy,A05,B10,10,B,2,WT39.2,GTAGAGGA-TATCCTCT,,,N712,S503
WT39,Lin-Alpl+,Healthy,A06,B11,11,B,1,WT39.1,GCTCATGA-TATCCTCT,,,N714,S503
WT39,Lin-Alpl+,Healthy,A06,B12,12,B,2,WT39.2,ATCTCAGG-TATCCTCT,,,N715,S503
WT39,Lin-Alpl+,Healthy,A07,B13,13,B,1,WT39.1,ACTCGCTA-TATCCTCT,,,N716,S503
WT39,Lin-Alpl+,Healthy,A07,B14,14,B,2,WT39.2,GGAGCTAC-TATCCTCT,,,N718,S503
WT39,Lin-Alpl+,Healthy,A08,B15,15,B,1,WT39.1,GCGTAGTA-TATCCTCT,,,N719,S503
WT39,Lin-Alpl+,Healthy,A08,B16,16,B,2,WT39.2,CGGAGCCT-TATCCTCT,,,N720,S503
WT39,Lin-Sca1+,Healthy,A09,B17,17,B,1,WT39.1,TACGCTGC-TATCCTCT,,,N721,S503
WT39,Lin-Sca1+,Healthy,A09,B18,18,B,2,WT39.2,ATGCGCAG-TATCCTCT,,,N722,S503
WT39,Lin-Sca1+,Healthy,A10,B19,19,B,1,WT39.1,TAGCGCTC-TATCCTCT,,,N723,S503
WT39,Lin-Sca1+,Healthy,A10,B20,20,B,2,WT39.2,ACTGAGCG-TATCCTCT,,,N724,S503
WT39,Lin-Sca1+,Healthy,A11,B21,21,B,1,WT39.1,CCTAAGAC-TATCCTCT,,,N726,S503
WT39,Lin-Sca1+,Healthy,A11,B22,22,B,2,WT39.2,CGATCAGT-TATCCTCT,,,N727,S503
WT39,Lin-Sca1+,Healthy,A12,B23,23,B,1,WT39.1,TGCAGCTA-TATCCTCT,,,N728,S503
WT39,Lin-Sca1+,Healthy,A12,B24,24,B,2,WT39.2,TCGACGTC-TATCCTCT,,,N729,S503
SGCB9,Lin-Itga7+,Dystrophic,B01,C01,1,C,1,SGCB9.1,TAAGGCGA-GTAAGGAG,,,N701,S505
SGCB9,Lin-Itga7+,Dystrophic,B01,C02,2,C,2,SGCB9.2,CGTACTAG-GTAAGGAG,,,N702,S505
SGCB9,Lin-Itga7+,Dystrophic,B02,C03,3,C,1,SGCB9.1,AGGCAGAA-GTAAGGAG,,,N703,S505
SGCB9,Lin-Itga7+,Dystrophic,B02,C04,4,C,2,SGCB9.2,TCCTGAGC-GTAAGGAG,,,N704,S505
SGCB9,Lin-Itga7+,Dystrophic,B03,C05,5,C,1,SGCB9.1,GGACTCCT-GTAAGGAG,,,N705,S505
SGCB9,Lin-Itga7+,Dystrophic,B03,C06,6,C,2,SGCB9.2,TAGGCATG-GTAAGGAG,,,N706,S505
SGCB9,Lin-Itga7+,Dystrophic,B04,C07,7,C,1,SGCB9.1,CTCTCTAC-GTAAGGAG,,,N707,S505
SGCB9,Lin-Itga7+,Dystrophic,B04,C08,8,C,2,SGCB9.2,CGAGGCTG-GTAAGGAG,,,N710,S505
SGCB9,Lin-Alpl+,Dystrophic,B05,C09,9,C,1,SGCB9.1,AAGAGGCA-GTAAGGAG,,,N711,S505
SGCB9,Lin-Alpl+,Dystrophic,B05,C10,10,C,2,SGCB9.2,GTAGAGGA-GTAAGGAG,,,N712,S505
SGCB9,Lin-Alpl+,Dystrophic,B06,C11,11,C,1,SGCB9.1,GCTCATGA-GTAAGGAG,,,N714,S505
SGCB9,Lin-Alpl+,Dystrophic,B06,C12,12,C,2,SGCB9.2,ATCTCAGG-GTAAGGAG,,,N715,S505
SGCB9,Lin-Alpl+,Dystrophic,B07,C13,13,C,1,SGCB9.1,ACTCGCTA-GTAAGGAG,,,N716,S505
SGCB9,Lin-Alpl+,Dystrophic,B07,C14,14,C,2,SGCB9.2,GGAGCTAC-GTAAGGAG,,,N718,S505
SGCB9,Lin-Alpl+,Dystrophic,B08,C15,15,C,1,SGCB9.1,GCGTAGTA-GTAAGGAG,,,N719,S505
SGCB9,Lin-Alpl+,Dystrophic,B08,C16,16,C,2,SGCB9.2,CGGAGCCT-GTAAGGAG,,,N720,S505
SGCB9,Lin-Sca1+,Dystrophic,B09,C17,17,C,1,SGCB9.1,TACGCTGC-GTAAGGAG,,,N721,S505
SGCB9,Lin-Sca1+,Dystrophic,B09,C18,18,C,2,SGCB9.2,ATGCGCAG-GTAAGGAG,,,N722,S505
SGCB9,Lin-Sca1+,Dystrophic,B10,C19,19,C,1,SGCB9.1,TAGCGCTC-GTAAGGAG,,,N723,S505
SGCB9,Lin-Sca1+,Dystrophic,B10,C20,20,C,2,SGCB9.2,ACTGAGCG-GTAAGGAG,,,N724,S505
SGCB9,Lin-Sca1+,Dystrophic,B11,C21,21,C,1,SGCB9.1,CCTAAGAC-GTAAGGAG,,,N726,S505
SGCB9,Lin-Sca1+,Dystrophic,B11,C22,22,C,2,SGCB9.2,CGATCAGT-GTAAGGAG,,,N727,S505
SGCB9,Lin-Sca1+,Dystrophic,B12,C23,23,C,1,SGCB9.1,TGCAGCTA-GTAAGGAG,,,N728,S505
SGCB9,Lin-Sca1+,Dystrophic,B12,C24,24,C,2,SGCB9.2,TCGACGTC-GTAAGGAG,,,N729,S505
WT39,Lin-Itga7+,Healthy,B01,D01,1,D,1,WT39.1,TAAGGCGA-ACTGCATA,,,N701,S506
WT39,Lin-Itga7+,Healthy,B01,D02,2,D,2,WT39.2,CGTACTAG-ACTGCATA,,,N702,S506
WT39,Lin-Itga7+,Healthy,B02,D03,3,D,1,WT39.1,AGGCAGAA-ACTGCATA,,,N703,S506
WT39,Lin-Itga7+,Healthy,B02,D04,4,D,2,WT39.2,TCCTGAGC-ACTGCATA,,,N704,S506
WT39,Lin-Itga7+,Healthy,B03,D05,5,D,1,WT39.1,GGACTCCT-ACTGCATA,,,N705,S506
WT39,Lin-Itga7+,Healthy,B03,D06,6,D,2,WT39.2,TAGGCATG-ACTGCATA,,,N706,S506
WT39,Lin-Itga7+,Healthy,B04,D07,7,D,1,WT39.1,CTCTCTAC-ACTGCATA,,,N707,S506
WT39,Lin-Itga7+,Healthy,B04,D08,8,D,2,WT39.2,CGAGGCTG-ACTGCATA,,,N710,S506
WT39,Lin-Alpl+,Healthy,B05,D09,9,D,1,WT39.1,AAGAGGCA-ACTGCATA,,,N711,S506
WT39,Lin-Alpl+,Healthy,B05,D10,10,D,2,WT39.2,GTAGAGGA-ACTGCATA,,,N712,S506
WT39,Lin-Alpl+,Healthy,B06,D11,11,D,1,WT39.1,GCTCATGA-ACTGCATA,,,N714,S506
WT39,Lin-Alpl+,Healthy,B06,D12,12,D,2,WT39.2,ATCTCAGG-ACTGCATA,,,N715,S506
WT39,Lin-Alpl+,Healthy,B07,D13,13,D,1,WT39.1,ACTCGCTA-ACTGCATA,,,N716,S506
WT39,Lin-Alpl+,Healthy,B07,D14,14,D,2,WT39.2,GGAGCTAC-ACTGCATA,,,N718,S506
WT39,Lin-Alpl+,Healthy,B08,D15,15,D,1,WT39.1,GCGTAGTA-ACTGCATA,,,N719,S506
WT39,Lin-Alpl+,Healthy,B08,D16,16,D,2,WT39.2,CGGAGCCT-ACTGCATA,,,N720,S506
WT39,Lin-Sca1+,Healthy,B09,D17,17,D,1,WT39.1,TACGCTGC-ACTGCATA,,,N721,S506
WT39,Lin-Sca1+,Healthy,B09,D18,18,D,2,WT39.2,ATGCGCAG-ACTGCATA,,,N722,S506
WT39,Lin-Sca1+,Healthy,B10,D19,19,D,1,WT39.1,TAGCGCTC-ACTGCATA,,,N723,S506
WT39,Lin-Sca1+,Healthy,B10,D20,20,D,2,WT39.2,ACTGAGCG-ACTGCATA,,,N724,S506
WT39,Lin-Sca1+,Healthy,B11,D21,21,D,1,WT39.1,CCTAAGAC-ACTGCATA,,,N726,S506
WT39,Lin-Sca1+,Healthy,B11,D22,22,D,2,WT39.2,CGATCAGT-ACTGCATA,,,N727,S506
WT39,Lin-Sca1+,Healthy,B12,D23,23,D,1,WT39.1,TGCAGCTA-ACTGCATA,,,N728,S506
WT39,Lin-Sca1+,Healthy,B12,D24,24,D,2,WT39.2,TCGACGTC-ACTGCATA,,,N729,S506
SGCB9,Lin-Itga7+,Dystrophic,C01,E01,1,E,1,SGCB9.1,TAAGGCGA-AAGGAGTA,,,N701,S507
SGCB9,Lin-Itga7+,Dystrophic,C01,E02,2,E,2,SGCB9.2,CGTACTAG-AAGGAGTA,,,N702,S507
SGCB9,Lin-Itga7+,Dystrophic,C02,E03,3,E,1,SGCB9.1,AGGCAGAA-AAGGAGTA,,,N703,S507
SGCB9,Lin-Itga7+,Dystrophic,C02,E04,4,E,2,SGCB9.2,TCCTGAGC-AAGGAGTA,,,N704,S507
SGCB9,Lin-Itga7+,Dystrophic,C03,E05,5,E,1,SGCB9.1,GGACTCCT-AAGGAGTA,,,N705,S507
SGCB9,Lin-Itga7+,Dystrophic,C03,E06,6,E,2,SGCB9.2,TAGGCATG-AAGGAGTA,,,N706,S507
SGCB9,Lin-Itga7+,Dystrophic,C04,E07,7,E,1,SGCB9.1,CTCTCTAC-AAGGAGTA,,,N707,S507
SGCB9,Lin-Itga7+,Dystrophic,C04,E08,8,E,2,SGCB9.2,CGAGGCTG-AAGGAGTA,,,N710,S507
SGCB9,Lin-Alpl+,Dystrophic,C05,E09,9,E,1,SGCB9.1,AAGAGGCA-AAGGAGTA,,,N711,S507
SGCB9,Lin-Alpl+,Dystrophic,C05,E10,10,E,2,SGCB9.2,GTAGAGGA-AAGGAGTA,,,N712,S507
SGCB9,Lin-Alpl+,Dystrophic,C06,E11,11,E,1,SGCB9.1,GCTCATGA-AAGGAGTA,,,N714,S507
SGCB9,Lin-Alpl+,Dystrophic,C06,E12,12,E,2,SGCB9.2,ATCTCAGG-AAGGAGTA,,,N715,S507
SGCB9,Lin-Alpl+,Dystrophic,C07,E13,13,E,1,SGCB9.1,ACTCGCTA-AAGGAGTA,,,N716,S507
SGCB9,Lin-Alpl+,Dystrophic,C07,E14,14,E,2,SGCB9.2,GGAGCTAC-AAGGAGTA,,,N718,S507
SGCB9,Lin-Alpl+,Dystrophic,C08,E15,15,E,1,SGCB9.1,GCGTAGTA-AAGGAGTA,,,N719,S507
SGCB9,Lin-Alpl+,Dystrophic,C08,E16,16,E,2,SGCB9.2,CGGAGCCT-AAGGAGTA,,,N720,S507
SGCB9,Lin-Sca1+,Dystrophic,C09,E17,17,E,1,SGCB9.1,TACGCTGC-AAGGAGTA,,,N721,S507
SGCB9,Lin-Sca1+,Dystrophic,C09,E18,18,E,2,SGCB9.2,ATGCGCAG-AAGGAGTA,,,N722,S507
SGCB9,Lin-Sca1+,Dystrophic,C10,E19,19,E,1,SGCB9.1,TAGCGCTC-AAGGAGTA,,,N723,S507
SGCB9,Lin-Sca1+,Dystrophic,C10,E20,20,E,2,SGCB9.2,ACTGAGCG-AAGGAGTA,,,N724,S507
SGCB9,Lin-Sca1+,Dystrophic,C11,E21,21,E,1,SGCB9.1,CCTAAGAC-AAGGAGTA,,,N726,S507
SGCB9,Lin-Sca1+,Dystrophic,C11,E22,22,E,2,SGCB9.2,CGATCAGT-AAGGAGTA,,,N727,S507
SGCB9,Lin-Sca1+,Dystrophic,C12,E23,23,E,1,SGCB9.1,TGCAGCTA-AAGGAGTA,,,N728,S507
SGCB9,Lin-Sca1+,Dystrophic,C12,E24,24,E,2,SGCB9.2,TCGACGTC-AAGGAGTA,,,N729,S507
WT39,Lin-Itga7+,Healthy,C01,F01,1,F,1,WT39.1,TAAGGCGA-CTAAGCCT,,,N701,S508
WT39,Lin-Itga7+,Healthy,C01,F02,2,F,2,WT39.2,CGTACTAG-CTAAGCCT,,,N702,S508
WT39,Lin-Itga7+,Healthy,C02,F03,3,F,1,WT39.1,AGGCAGAA-CTAAGCCT,,,N703,S508
WT39,Lin-Itga7+,Healthy,C02,F04,4,F,2,WT39.2,TCCTGAGC-CTAAGCCT,,,N704,S508
WT39,Lin-Itga7+,Healthy,C03,F05,5,F,1,WT39.1,GGACTCCT-CTAAGCCT,,,N705,S508
WT39,Lin-Itga7+,Healthy,C03,F06,6,F,2,WT39.2,TAGGCATG-CTAAGCCT,,,N706,S508
WT39,Lin-Itga7+,Healthy,C04,F07,7,F,1,WT39.1,CTCTCTAC-CTAAGCCT,,,N707,S508
WT39,Lin-Itga7+,Healthy,C04,F08,8,F,2,WT39.2,CGAGGCTG-CTAAGCCT,,,N710,S508
WT39,Lin-Alpl+,Healthy,C05,F09,9,F,1,WT39.1,AAGAGGCA-CTAAGCCT,,,N711,S508
WT39,Lin-Alpl+,Healthy,C05,F10,10,F,2,WT39.2,GTAGAGGA-CTAAGCCT,,,N712,S508
WT39,Lin-Alpl+,Healthy,C06,F11,11,F,1,WT39.1,GCTCATGA-CTAAGCCT,,,N714,S508
WT39,Lin-Alpl+,Healthy,C06,F12,12,F,2,WT39.2,ATCTCAGG-CTAAGCCT,,,N715,S508
WT39,Lin-Alpl+,Healthy,C07,F13,13,F,1,WT39.1,ACTCGCTA-CTAAGCCT,,,N716,S508
WT39,Lin-Alpl+,Healthy,C07,F14,14,F,2,WT39.2,GGAGCTAC-CTAAGCCT,,,N718,S508
WT39,Lin-Alpl+,Healthy,C08,F15,15,F,1,WT39.1,GCGTAGTA-CTAAGCCT,,,N719,S508
WT39,Lin-Alpl+,Healthy,C08,F16,16,F,2,WT39.2,CGGAGCCT-CTAAGCCT,,,N720,S508
WT39,Lin-Sca1+,Healthy,C09,F17,17,F,1,WT39.1,TACGCTGC-CTAAGCCT,,,N721,S508
WT39,Lin-Sca1+,Healthy,C09,F18,18,F,2,WT39.2,ATGCGCAG-CTAAGCCT,,,N722,S508
WT39,Lin-Sca1+,Healthy,C10,F19,19,F,1,WT39.1,TAGCGCTC-CTAAGCCT,,,N723,S508
WT39,Lin-Sca1+,Healthy,C10,F20,20,F,2,WT39.2,ACTGAGCG-CTAAGCCT,,,N724,S508
WT39,Lin-Sca1+,Healthy,C11,F21,21,F,1,WT39.1,CCTAAGAC-CTAAGCCT,,,N726,S508
WT39,Lin-Sca1+,Healthy,C11,F22,22,F,2,WT39.2,CGATCAGT-CTAAGCCT,,,N727,S508
WT39,Lin-Sca1+,Healthy,C12,F23,23,F,1,WT39.1,TGCAGCTA-CTAAGCCT,,,N728,S508
WT39,Lin-Sca1+,Healthy,C12,F24,24,F,2,WT39.2,TCGACGTC-CTAAGCCT,,,N729,S508
SGCB9,Lin-Itga7+,Dystrophic,D01,G01,1,G,1,SGCB9.1,TAAGGCGA-CGTCTAAT,,,N701,S510
SGCB9,Lin-Itga7+,Dystrophic,D01,G02,2,G,2,SGCB9.2,CGTACTAG-CGTCTAAT,,,N702,S510
SGCB9,Lin-Itga7+,Dystrophic,D02,G03,3,G,1,SGCB9.1,AGGCAGAA-CGTCTAAT,,,N703,S510
SGCB9,Lin-Itga7+,Dystrophic,D02,G04,4,G,2,SGCB9.2,TCCTGAGC-CGTCTAAT,,,N704,S510
SGCB9,Lin-Itga7+,Dystrophic,D03,G05,5,G,1,SGCB9.1,GGACTCCT-CGTCTAAT,,,N705,S510
SGCB9,Lin-Itga7+,Dystrophic,D03,G06,6,G,2,SGCB9.2,TAGGCATG-CGTCTAAT,,,N706,S510
SGCB9,Lin-Itga7+,Dystrophic,D04,G07,7,G,1,SGCB9.1,CTCTCTAC-CGTCTAAT,,,N707,S510
SGCB9,Lin-Itga7+,Dystrophic,D04,G08,8,G,2,SGCB9.2,CGAGGCTG-CGTCTAAT,,,N710,S510
SGCB9,Lin-Alpl+,Dystrophic,D05,G09,9,G,1,SGCB9.1,AAGAGGCA-CGTCTAAT,,,N711,S510
SGCB9,Lin-Alpl+,Dystrophic,D05,G10,10,G,2,SGCB9.2,GTAGAGGA-CGTCTAAT,,,N712,S510
SGCB9,Lin-Alpl+,Dystrophic,D06,G11,11,G,1,SGCB9.1,GCTCATGA-CGTCTAAT,,,N714,S510
SGCB9,Lin-Alpl+,Dystrophic,D06,G12,12,G,2,SGCB9.2,ATCTCAGG-CGTCTAAT,,,N715,S510
SGCB9,Lin-Alpl+,Dystrophic,D07,G13,13,G,1,SGCB9.1,ACTCGCTA-CGTCTAAT,,,N716,S510
SGCB9,Lin-Alpl+,Dystrophic,D07,G14,14,G,2,SGCB9.2,GGAGCTAC-CGTCTAAT,,,N718,S510
SGCB9,Lin-Alpl+,Dystrophic,D08,G15,15,G,1,SGCB9.1,GCGTAGTA-CGTCTAAT,,,N719,S510
SGCB9,Lin-Alpl+,Dystrophic,D08,G16,16,G,2,SGCB9.2,CGGAGCCT-CGTCTAAT,,,N720,S510
SGCB9,Lin-Sca1+,Dystrophic,D09,G17,17,G,1,SGCB9.1,TACGCTGC-CGTCTAAT,,,N721,S510
SGCB9,Lin-Sca1+,Dystrophic,D09,G18,18,G,2,SGCB9.2,ATGCGCAG-CGTCTAAT,,,N722,S510
SGCB9,Lin-Sca1+,Dystrophic,D10,G19,19,G,1,SGCB9.1,TAGCGCTC-CGTCTAAT,,,N723,S510
SGCB9,Lin-Sca1+,Dystrophic,D10,G20,20,G,2,SGCB9.2,ACTGAGCG-CGTCTAAT,,,N724,S510
SGCB9,Lin-Sca1+,Dystrophic,D11,G21,21,G,1,SGCB9.1,CCTAAGAC-CGTCTAAT,,,N726,S510
SGCB9,Lin-Sca1+,Dystrophic,D11,G22,22,G,2,SGCB9.2,CGATCAGT-CGTCTAAT,,,N727,S510
SGCB9,Lin-Sca1+,Dystrophic,D12,G23,23,G,1,SGCB9.1,TGCAGCTA-CGTCTAAT,,,N728,S510
SGCB9,Lin-Sca1+,Dystrophic,D12,G24,24,G,2,SGCB9.2,TCGACGTC-CGTCTAAT,,,N729,S510
WT39,Lin-Itga7+,Healthy,D01,H01,1,H,1,WT39.1,TAAGGCGA-TCTCTCCG,,,N701,S511
WT39,Lin-Itga7+,Healthy,D01,H02,2,H,2,WT39.2,CGTACTAG-TCTCTCCG,,,N702,S511
WT39,Lin-Itga7+,Healthy,D02,H03,3,H,1,WT39.1,AGGCAGAA-TCTCTCCG,,,N703,S511
WT39,Lin-Itga7+,Healthy,D02,H04,4,H,2,WT39.2,TCCTGAGC-TCTCTCCG,,,N704,S511
WT39,Lin-Itga7+,Healthy,D03,H05,5,H,1,WT39.1,GGACTCCT-TCTCTCCG,,,N705,S511
WT39,Lin-Itga7+,Healthy,D03,H06,6,H,2,WT39.2,TAGGCATG-TCTCTCCG,,,N706,S511
WT39,Lin-Itga7+,Healthy,D04,H07,7,H,1,WT39.1,CTCTCTAC-TCTCTCCG,,,N707,S511
WT39,Lin-Itga7+,Healthy,D04,H08,8,H,2,WT39.2,CGAGGCTG-TCTCTCCG,,,N710,S511
WT39,Lin-Alpl+,Healthy,D05,H09,9,H,1,WT39.1,AAGAGGCA-TCTCTCCG,,,N711,S511
WT39,Lin-Alpl+,Healthy,D05,H10,10,H,2,WT39.2,GTAGAGGA-TCTCTCCG,,,N712,S511
WT39,Lin-Alpl+,Healthy,D06,H11,11,H,1,WT39.1,GCTCATGA-TCTCTCCG,,,N714,S511
WT39,Lin-Alpl+,Healthy,D06,H12,12,H,2,WT39.2,ATCTCAGG-TCTCTCCG,,,N715,S511
WT39,Lin-Alpl+,Healthy,D07,H13,13,H,1,WT39.1,ACTCGCTA-TCTCTCCG,,,N716,S511
WT39,Lin-Alpl+,Healthy,D07,H14,14,H,2,WT39.2,GGAGCTAC-TCTCTCCG,,,N718,S511
WT39,Lin-Alpl+,Healthy,D08,H15,15,H,1,WT39.1,GCGTAGTA-TCTCTCCG,,,N719,S511
WT39,Lin-Alpl+,Healthy,D08,H16,16,H,2,WT39.2,CGGAGCCT-TCTCTCCG,,,N720,S511
WT39,Lin-Sca1+,Healthy,D09,H17,17,H,1,WT39.1,TACGCTGC-TCTCTCCG,,,N721,S511
WT39,Lin-Sca1+,Healthy,D09,H18,18,H,2,WT39.2,ATGCGCAG-TCTCTCCG,,,N722,S511
WT39,Lin-Sca1+,Healthy,D10,H19,19,H,1,WT39.1,TAGCGCTC-TCTCTCCG,,,N723,S511
WT39,Lin-Sca1+,Healthy,D10,H20,20,H,2,WT39.2,ACTGAGCG-TCTCTCCG,,,N724,S511
WT39,Lin-Sca1+,Healthy,D11,H21,21,H,1,WT39.1,CCTAAGAC-TCTCTCCG,,,N726,S511
WT39,Lin-Sca1+,Healthy,D11,H22,22,H,2,WT39.2,CGATCAGT-TCTCTCCG,,,N727,S511
WT39,Lin-Sca1+,Healthy,D12,H23,23,H,1,WT39.1,TGCAGCTA-TCTCTCCG,,,N728,S511
WT39,Lin-Sca1+,Healthy,D12,H24,24,H,2,WT39.2,TCGACGTC-TCTCTCCG,,,N729,S511
SGCB9,Lin-Itga7+,Dystrophic,E01,I01,1,I,1,SGCB9.1,TAAGGCGA-TCGACTAG,,,N701,S513
SGCB9,Lin-Itga7+,Dystrophic,E01,I02,2,I,2,SGCB9.2,CGTACTAG-TCGACTAG,,,N702,S513
SGCB9,Lin-Itga7+,Dystrophic,E02,I03,3,I,1,SGCB9.1,AGGCAGAA-TCGACTAG,,,N703,S513
SGCB9,Lin-Itga7+,Dystrophic,E02,I04,4,I,2,SGCB9.2,TCCTGAGC-TCGACTAG,,,N704,S513
SGCB9,Lin-Itga7+,Dystrophic,E03,I05,5,I,1,SGCB9.1,GGACTCCT-TCGACTAG,,,N705,S513
SGCB9,Lin-Itga7+,Dystrophic,E03,I06,6,I,2,SGCB9.2,TAGGCATG-TCGACTAG,,,N706,S513
SGCB9,Lin-Itga7+,Dystrophic,E04,I07,7,I,1,SGCB9.1,CTCTCTAC-TCGACTAG,,,N707,S513
SGCB9,Lin-Itga7+,Dystrophic,E04,I08,8,I,2,SGCB9.2,CGAGGCTG-TCGACTAG,,,N710,S513
SGCB9,Lin-Alpl+,Dystrophic,E05,I09,9,I,1,SGCB9.1,AAGAGGCA-TCGACTAG,,,N711,S513
SGCB9,Lin-Alpl+,Dystrophic,E05,I10,10,I,2,SGCB9.2,GTAGAGGA-TCGACTAG,,,N712,S513
SGCB9,Lin-Alpl+,Dystrophic,E06,I11,11,I,1,SGCB9.1,GCTCATGA-TCGACTAG,,,N714,S513
SGCB9,Lin-Alpl+,Dystrophic,E06,I12,12,I,2,SGCB9.2,ATCTCAGG-TCGACTAG,,,N715,S513
SGCB9,Lin-Alpl+,Dystrophic,E07,I13,13,I,1,SGCB9.1,ACTCGCTA-TCGACTAG,,,N716,S513
SGCB9,Lin-Alpl+,Dystrophic,E07,I14,14,I,2,SGCB9.2,GGAGCTAC-TCGACTAG,,,N718,S513
SGCB9,Lin-Alpl+,Dystrophic,E08,I15,15,I,1,SGCB9.1,GCGTAGTA-TCGACTAG,,,N719,S513
SGCB9,Lin-Alpl+,Dystrophic,E08,I16,16,I,2,SGCB9.2,CGGAGCCT-TCGACTAG,,,N720,S513
SGCB9,Lin-Sca1+,Dystrophic,E09,I17,17,I,1,SGCB9.1,TACGCTGC-TCGACTAG,,,N721,S513
SGCB9,Lin-Sca1+,Dystrophic,E09,I18,18,I,2,SGCB9.2,ATGCGCAG-TCGACTAG,,,N722,S513
SGCB9,Lin-Sca1+,Dystrophic,E10,I19,19,I,1,SGCB9.1,TAGCGCTC-TCGACTAG,,,N723,S513
SGCB9,Lin-Sca1+,Dystrophic,E10,I20,20,I,2,SGCB9.2,ACTGAGCG-TCGACTAG,,,N724,S513
SGCB9,Lin-Sca1+,Dystrophic,E11,I21,21,I,1,SGCB9.1,CCTAAGAC-TCGACTAG,,,N726,S513
SGCB9,Lin-Sca1+,Dystrophic,E11,I22,22,I,2,SGCB9.2,CGATCAGT-TCGACTAG,,,N727,S513
SGCB9,Lin-Sca1+,Dystrophic,E12,I23,23,I,1,SGCB9.1,TGCAGCTA-TCGACTAG,,,N728,S513
SGCB9,Lin-Sca1+,Dystrophic,E12,I24,24,I,2,SGCB9.2,TCGACGTC-TCGACTAG,,,N729,S513
WT39,Lin-Itga7+,Healthy,E01,J01,1,J,1,WT39.1,TAAGGCGA-TTCTAGCT,,,N701,S515
WT39,Lin-Itga7+,Healthy,E01,J02,2,J,2,WT39.2,CGTACTAG-TTCTAGCT,,,N702,S515
WT39,Lin-Itga7+,Healthy,E02,J03,3,J,1,WT39.1,AGGCAGAA-TTCTAGCT,,,N703,S515
WT39,Lin-Itga7+,Healthy,E02,J04,4,J,2,WT39.2,TCCTGAGC-TTCTAGCT,,,N704,S515
WT39,Lin-Itga7+,Healthy,E03,J05,5,J,1,WT39.1,GGACTCCT-TTCTAGCT,,,N705,S515
WT39,Lin-Itga7+,Healthy,E03,J06,6,J,2,WT39.2,TAGGCATG-TTCTAGCT,,,N706,S515
WT39,Lin-Itga7+,Healthy,E04,J07,7,J,1,WT39.1,CTCTCTAC-TTCTAGCT,,,N707,S515
WT39,Lin-Itga7+,Healthy,E04,J08,8,J,2,WT39.2,CGAGGCTG-TTCTAGCT,,,N710,S515
WT39,Lin-Alpl+,Healthy,E05,J09,9,J,1,WT39.1,AAGAGGCA-TTCTAGCT,,,N711,S515
WT39,Lin-Alpl+,Healthy,E05,J10,10,J,2,WT39.2,GTAGAGGA-TTCTAGCT,,,N712,S515
WT39,Lin-Alpl+,Healthy,E06,J11,11,J,1,WT39.1,GCTCATGA-TTCTAGCT,,,N714,S515
WT39,Lin-Alpl+,Healthy,E06,J12,12,J,2,WT39.2,ATCTCAGG-TTCTAGCT,,,N715,S515
WT39,Lin-Alpl+,Healthy,E07,J13,13,J,1,WT39.1,ACTCGCTA-TTCTAGCT,,,N716,S515
WT39,Lin-Alpl+,Healthy,E07,J14,14,J,2,WT39.2,GGAGCTAC-TTCTAGCT,,,N718,S515
WT39,Lin-Alpl+,Healthy,E08,J15,15,J,1,WT39.1,GCGTAGTA-TTCTAGCT,,,N719,S515
WT39,Lin-Alpl+,Healthy,E08,J16,16,J,2,WT39.2,CGGAGCCT-TTCTAGCT,,,N720,S515
WT39,Lin-Sca1+,Healthy,E09,J17,17,J,1,WT39.1,TACGCTGC-TTCTAGCT,,,N721,S515
WT39,Lin-Sca1+,Healthy,E09,J18,18,J,2,WT39.2,ATGCGCAG-TTCTAGCT,,,N722,S515
WT39,Lin-Sca1+,Healthy,E10,J19,19,J,1,WT39.1,TAGCGCTC-TTCTAGCT,,,N723,S515
WT39,Lin-Sca1+,Healthy,E10,J20,20,J,2,WT39.2,ACTGAGCG-TTCTAGCT,,,N724,S515
WT39,Lin-Sca1+,Healthy,E11,J21,21,J,1,WT39.1,CCTAAGAC-TTCTAGCT,,,N726,S515
WT39,Lin-Sca1+,Healthy,E11,J22,22,J,2,WT39.2,CGATCAGT-TTCTAGCT,,,N727,S515
WT39,Lin-Sca1+,Healthy,E12,J23,23,J,1,WT39.1,TGCAGCTA-TTCTAGCT,,,N728,S515
WT39,Lin-Sca1+,Healthy,E12,J24,24,J,2,WT39.2,TCGACGTC-TTCTAGCT,,,N729,S515
SGCB9,Lin-Itga7+,Dystrophic,F01,K01,1,K,1,SGCB9.1,TAAGGCGA-CCTAGAGT,,,N701,S516
SGCB9,Lin-Itga7+,Dystrophic,F01,K02,2,K,2,SGCB9.2,CGTACTAG-CCTAGAGT,,,N702,S516
SGCB9,Lin-Itga7+,Dystrophic,F02,K03,3,K,1,SGCB9.1,AGGCAGAA-CCTAGAGT,,,N703,S516
SGCB9,Lin-Itga7+,Dystrophic,F02,K04,4,K,2,SGCB9.2,TCCTGAGC-CCTAGAGT,,,N704,S516
SGCB9,Lin-Itga7+,Dystrophic,F03,K05,5,K,1,SGCB9.1,GGACTCCT-CCTAGAGT,,,N705,S516
SGCB9,Lin-Itga7+,Dystrophic,F03,K06,6,K,2,SGCB9.2,TAGGCATG-CCTAGAGT,,,N706,S516
SGCB9,Lin-Itga7+,Dystrophic,F04,K07,7,K,1,SGCB9.1,CTCTCTAC-CCTAGAGT,,,N707,S516
SGCB9,Lin-Itga7+,Dystrophic,F04,K08,8,K,2,SGCB9.2,CGAGGCTG-CCTAGAGT,,,N710,S516
SGCB9,Lin-Alpl+,Dystrophic,F05,K09,9,K,1,SGCB9.1,AAGAGGCA-CCTAGAGT,,,N711,S516
SGCB9,Lin-Alpl+,Dystrophic,F05,K10,10,K,2,SGCB9.2,GTAGAGGA-CCTAGAGT,,,N712,S516
SGCB9,Lin-Alpl+,Dystrophic,F06,K11,11,K,1,SGCB9.1,GCTCATGA-CCTAGAGT,,,N714,S516
SGCB9,Lin-Alpl+,Dystrophic,F06,K12,12,K,2,SGCB9.2,ATCTCAGG-CCTAGAGT,,,N715,S516
SGCB9,Lin-Alpl+,Dystrophic,F07,K13,13,K,1,SGCB9.1,ACTCGCTA-CCTAGAGT,,,N716,S516
SGCB9,Lin-Alpl+,Dystrophic,F07,K14,14,K,2,SGCB9.2,GGAGCTAC-CCTAGAGT,,,N718,S516
SGCB9,Lin-Alpl+,Dystrophic,F08,K15,15,K,1,SGCB9.1,GCGTAGTA-CCTAGAGT,,,N719,S516
SGCB9,Lin-Alpl+,Dystrophic,F08,K16,16,K,2,SGCB9.2,CGGAGCCT-CCTAGAGT,,,N720,S516
SGCB9,Lin-Sca1+,Dystrophic,F09,K17,17,K,1,SGCB9.1,TACGCTGC-CCTAGAGT,,,N721,S516
SGCB9,Lin-Sca1+,Dystrophic,F09,K18,18,K,2,SGCB9.2,ATGCGCAG-CCTAGAGT,,,N722,S516
SGCB9,Lin-Sca1+,Dystrophic,F10,K19,19,K,1,SGCB9.1,TAGCGCTC-CCTAGAGT,,,N723,S516
SGCB9,Lin-Sca1+,Dystrophic,F10,K20,20,K,2,SGCB9.2,ACTGAGCG-CCTAGAGT,,,N724,S516
SGCB9,Lin-Sca1+,Dystrophic,F11,K21,21,K,1,SGCB9.1,CCTAAGAC-CCTAGAGT,,,N726,S516
SGCB9,Lin-Sca1+,Dystrophic,F11,K22,22,K,2,SGCB9.2,CGATCAGT-CCTAGAGT,,,N727,S516
SGCB9,Lin-Sca1+,Dystrophic,F12,K23,23,K,1,SGCB9.1,TGCAGCTA-CCTAGAGT,,,N728,S516
SGCB9,Lin-Sca1+,Dystrophic,F12,K24,24,K,2,SGCB9.2,TCGACGTC-CCTAGAGT,,,N729,S516
WT39,Lin-Itga7+,Healthy,F01,L01,1,L,1,WT39.1,TAAGGCGA-GCGTAAGA,,,N701,S517
WT39,Lin-Itga7+,Healthy,F01,L02,2,L,2,WT39.2,CGTACTAG-GCGTAAGA,,,N702,S517
WT39,Lin-Itga7+,Healthy,F02,L03,3,L,1,WT39.1,AGGCAGAA-GCGTAAGA,,,N703,S517
WT39,Lin-Itga7+,Healthy,F02,L04,4,L,2,WT39.2,TCCTGAGC-GCGTAAGA,,,N704,S517
WT39,Lin-Itga7+,Healthy,F03,L05,5,L,1,WT39.1,GGACTCCT-GCGTAAGA,,,N705,S517
WT39,Lin-Itga7+,Healthy,F03,L06,6,L,2,WT39.2,TAGGCATG-GCGTAAGA,,,N706,S517
WT39,Lin-Itga7+,Healthy,F04,L07,7,L,1,WT39.1,CTCTCTAC-GCGTAAGA,,,N707,S517
WT39,Lin-Itga7+,Healthy,F04,L08,8,L,2,WT39.2,CGAGGCTG-GCGTAAGA,,,N710,S517
WT39,Lin-Alpl+,Healthy,F05,L09,9,L,1,WT39.1,AAGAGGCA-GCGTAAGA,,,N711,S517
WT39,Lin-Alpl+,Healthy,F05,L10,10,L,2,WT39.2,GTAGAGGA-GCGTAAGA,,,N712,S517
WT39,Lin-Alpl+,Healthy,F06,L11,11,L,1,WT39.1,GCTCATGA-GCGTAAGA,,,N714,S517
WT39,Lin-Alpl+,Healthy,F06,L12,12,L,2,WT39.2,ATCTCAGG-GCGTAAGA,,,N715,S517
WT39,Lin-Alpl+,Healthy,F07,L13,13,L,1,WT39.1,ACTCGCTA-GCGTAAGA,,,N716,S517
WT39,Lin-Alpl+,Healthy,F07,L14,14,L,2,WT39.2,GGAGCTAC-GCGTAAGA,,,N718,S517
WT39,Lin-Alpl+,Healthy,F08,L15,15,L,1,WT39.1,GCGTAGTA-GCGTAAGA,,,N719,S517
WT39,Lin-Alpl+,Healthy,F08,L16,16,L,2,WT39.2,CGGAGCCT-GCGTAAGA,,,N720,S517
WT39,Lin-Sca1+,Healthy,F09,L17,17,L,1,WT39.1,TACGCTGC-GCGTAAGA,,,N721,S517
WT39,Lin-Sca1+,Healthy,F09,L18,18,L,2,WT39.2,ATGCGCAG-GCGTAAGA,,,N722,S517
WT39,Lin-Sca1+,Healthy,F10,L19,19,L,1,WT39.1,TAGCGCTC-GCGTAAGA,,,N723,S517
WT39,Lin-Sca1+,Healthy,F10,L20,20,L,2,WT39.2,ACTGAGCG-GCGTAAGA,,,N724,S517
WT39,Lin-Sca1+,Healthy,F11,L21,21,L,1,WT39.1,CCTAAGAC-GCGTAAGA,,,N726,S517
WT39,Lin-Sca1+,Healthy,F11,L22,22,L,2,WT39.2,CGATCAGT-GCGTAAGA,,,N727,S517
WT39,Lin-Sca1+,Healthy,F12,L23,23,L,1,WT39.1,TGCAGCTA-GCGTAAGA,,,N728,S517
WT39,Lin-Sca1+,Healthy,F12,L24,24,L,2,WT39.2,TCGACGTC-GCGTAAGA,,,N729,S517
SGCB9,Lin-Itga7+,Dystrophic,G01,M01,1,M,1,SGCB9.1,TAAGGCGA-CTATTAAG,,,N701,S518
SGCB9,Lin-Itga7+,Dystrophic,G01,M02,2,M,2,SGCB9.2,CGTACTAG-CTATTAAG,,,N702,S518
SGCB9,Lin-Itga7+,Dystrophic,G02,M03,3,M,1,SGCB9.1,AGGCAGAA-CTATTAAG,,,N703,S518
SGCB9,Lin-Itga7+,Dystrophic,G02,M04,4,M,2,SGCB9.2,TCCTGAGC-CTATTAAG,,,N704,S518
SGCB9,Lin-Itga7+,Dystrophic,G03,M05,5,M,1,SGCB9.1,GGACTCCT-CTATTAAG,,,N705,S518
SGCB9,Lin-Itga7+,Dystrophic,G03,M06,6,M,2,SGCB9.2,TAGGCATG-CTATTAAG,,,N706,S518
SGCB9,Lin-Itga7+,Dystrophic,G04,M07,7,M,1,SGCB9.1,CTCTCTAC-CTATTAAG,,,N707,S518
SGCB9,Lin-Itga7+,Dystrophic,G04,M08,8,M,2,SGCB9.2,CGAGGCTG-CTATTAAG,,,N710,S518
SGCB9,Lin-Alpl+,Dystrophic,G05,M09,9,M,1,SGCB9.1,AAGAGGCA-CTATTAAG,,,N711,S518
SGCB9,Lin-Alpl+,Dystrophic,G05,M10,10,M,2,SGCB9.2,GTAGAGGA-CTATTAAG,,,N712,S518
SGCB9,Lin-Alpl+,Dystrophic,G06,M11,11,M,1,SGCB9.1,GCTCATGA-CTATTAAG,,,N714,S518
SGCB9,Lin-Alpl+,Dystrophic,G06,M12,12,M,2,SGCB9.2,ATCTCAGG-CTATTAAG,,,N715,S518
SGCB9,Lin-Alpl+,Dystrophic,G07,M13,13,M,1,SGCB9.1,ACTCGCTA-CTATTAAG,,,N716,S518
SGCB9,Lin-Alpl+,Dystrophic,G07,M14,14,M,2,SGCB9.2,GGAGCTAC-CTATTAAG,,,N718,S518
SGCB9,Lin-Alpl+,Dystrophic,G08,M15,15,M,1,SGCB9.1,GCGTAGTA-CTATTAAG,,,N719,S518
SGCB9,Lin-Alpl+,Dystrophic,G08,M16,16,M,2,SGCB9.2,CGGAGCCT-CTATTAAG,,,N720,S518
SGCB9,Lin-Sca1+,Dystrophic,G09,M17,17,M,1,SGCB9.1,TACGCTGC-CTATTAAG,,,N721,S518
SGCB9,Lin-Sca1+,Dystrophic,G09,M18,18,M,2,SGCB9.2,ATGCGCAG-CTATTAAG,,,N722,S518
SGCB9,Lin-Sca1+,Dystrophic,G10,M19,19,M,1,SGCB9.1,TAGCGCTC-CTATTAAG,,,N723,S518
SGCB9,Lin-Sca1+,Dystrophic,G10,M20,20,M,2,SGCB9.2,ACTGAGCG-CTATTAAG,,,N724,S518
SGCB9,Lin-Sca1+,Dystrophic,G11,M21,21,M,1,SGCB9.1,CCTAAGAC-CTATTAAG,,,N726,S518
SGCB9,Lin-Sca1+,Dystrophic,G11,M22,22,M,2,SGCB9.2,CGATCAGT-CTATTAAG,,,N727,S518
SGCB9,Lin-Sca1+,Dystrophic,G12,M23,23,M,1,SGCB9.1,TGCAGCTA-CTATTAAG,,,N728,S518
SGCB9,Lin-Sca1+,Dystrophic,G12,M24,24,M,2,SGCB9.2,TCGACGTC-CTATTAAG,,,N729,S518
WT39,Lin-Itga7+,Healthy,G01,N01,1,N,1,WT39.1,TAAGGCGA-AAGGCTAT,,,N701,S520
WT39,Lin-Itga7+,Healthy,G01,N02,2,N,2,WT39.2,CGTACTAG-AAGGCTAT,,,N702,S520
WT39,Lin-Itga7+,Healthy,G02,N03,3,N,1,WT39.1,AGGCAGAA-AAGGCTAT,,,N703,S520
WT39,Lin-Itga7+,Healthy,G02,N04,4,N,2,WT39.2,TCCTGAGC-AAGGCTAT,,,N704,S520
WT39,Lin-Itga7+,Healthy,G03,N05,5,N,1,WT39.1,GGACTCCT-AAGGCTAT,,,N705,S520
WT39,Lin-Itga7+,Healthy,G03,N06,6,N,2,WT39.2,TAGGCATG-AAGGCTAT,,,N706,S520
WT39,Lin-Itga7+,Healthy,G04,N07,7,N,1,WT39.1,CTCTCTAC-AAGGCTAT,,,N707,S520
WT39,Lin-Itga7+,Healthy,G04,N08,8,N,2,WT39.2,CGAGGCTG-AAGGCTAT,,,N710,S520
WT39,Lin-Alpl+,Healthy,G05,N09,9,N,1,WT39.1,AAGAGGCA-AAGGCTAT,,,N711,S520
WT39,Lin-Alpl+,Healthy,G05,N10,10,N,2,WT39.2,GTAGAGGA-AAGGCTAT,,,N712,S520
WT39,Lin-Alpl+,Healthy,G06,N11,11,N,1,WT39.1,GCTCATGA-AAGGCTAT,,,N714,S520
WT39,Lin-Alpl+,Healthy,G06,N12,12,N,2,WT39.2,ATCTCAGG-AAGGCTAT,,,N715,S520
WT39,Lin-Alpl+,Healthy,G07,N13,13,N,1,WT39.1,ACTCGCTA-AAGGCTAT,,,N716,S520
WT39,Lin-Alpl+,Healthy,G07,N14,14,N,2,WT39.2,GGAGCTAC-AAGGCTAT,,,N718,S520
WT39,Lin-Alpl+,Healthy,G08,N15,15,N,1,WT39.1,GCGTAGTA-AAGGCTAT,,,N719,S520
WT39,Lin-Alpl+,Healthy,G08,N16,16,N,2,WT39.2,CGGAGCCT-AAGGCTAT,,,N720,S520
WT39,Lin-Sca1+,Healthy,G09,N17,17,N,1,WT39.1,TACGCTGC-AAGGCTAT,,,N721,S520
WT39,Lin-Sca1+,Healthy,G09,N18,18,N,2,WT39.2,ATGCGCAG-AAGGCTAT,,,N722,S520
WT39,Lin-Sca1+,Healthy,G10,N19,19,N,1,WT39.1,TAGCGCTC-AAGGCTAT,,,N723,S520
WT39,Lin-Sca1+,Healthy,G10,N20,20,N,2,WT39.2,ACTGAGCG-AAGGCTAT,,,N724,S520
WT39,Lin-Sca1+,Healthy,G11,N21,21,N,1,WT39.1,CCTAAGAC-AAGGCTAT,,,N726,S520
WT39,Lin-Sca1+,Healthy,G11,N22,22,N,2,WT39.2,CGATCAGT-AAGGCTAT,,,N727,S520
WT39,Lin-Sca1+,Healthy,G12,N23,23,N,1,WT39.1,TGCAGCTA-AAGGCTAT,,,N728,S520
WT39,Lin-Sca1+,Healthy,G12,N24,24,N,2,WT39.2,TCGACGTC-AAGGCTAT,,,N729,S520
SGCB9,Lin-Itga7+,Dystrophic,H01,O01,1,O,1,SGCB9.1,TAAGGCGA-GAGCCTTA,,,N701,S521
SGCB9,Lin-Itga7+,Dystrophic,H01,O02,2,O,2,SGCB9.2,CGTACTAG-GAGCCTTA,,,N702,S521
SGCB9,Lin-Itga7+,Dystrophic,H02,O03,3,O,1,SGCB9.1,AGGCAGAA-GAGCCTTA,,,N703,S521
SGCB9,Lin-Itga7+,Dystrophic,H02,O04,4,O,2,SGCB9.2,TCCTGAGC-GAGCCTTA,,,N704,S521
SGCB9,Lin-Itga7+,Dystrophic,H03,O05,5,O,1,SGCB9.1,GGACTCCT-GAGCCTTA,,,N705,S521
SGCB9,Lin-Itga7+,Dystrophic,H03,O06,6,O,2,SGCB9.2,TAGGCATG-GAGCCTTA,,,N706,S521
SGCB9,Lin-Itga7+,Dystrophic,H04,O07,7,O,1,SGCB9.1,CTCTCTAC-GAGCCTTA,,,N707,S521
SGCB9,Lin-Itga7+,Dystrophic,H04,O08,8,O,2,SGCB9.2,CGAGGCTG-GAGCCTTA,,,N710,S521
SGCB9,Lin-Alpl+,Dystrophic,H05,O09,9,O,1,SGCB9.1,AAGAGGCA-GAGCCTTA,,,N711,S521
SGCB9,Lin-Alpl+,Dystrophic,H05,O10,10,O,2,SGCB9.2,GTAGAGGA-GAGCCTTA,,,N712,S521
SGCB9,Lin-Alpl+,Dystrophic,H06,O11,11,O,1,SGCB9.1,GCTCATGA-GAGCCTTA,,,N714,S521
SGCB9,Lin-Alpl+,Dystrophic,H06,O12,12,O,2,SGCB9.2,ATCTCAGG-GAGCCTTA,,,N715,S521
SGCB9,Lin-Alpl+,Dystrophic,H07,O13,13,O,1,SGCB9.1,ACTCGCTA-GAGCCTTA,,,N716,S521
SGCB9,Lin-Alpl+,Dystrophic,H07,O14,14,O,2,SGCB9.2,GGAGCTAC-GAGCCTTA,,,N718,S521
SGCB9,Lin-Alpl+,Dystrophic,H08,O15,15,O,1,SGCB9.1,GCGTAGTA-GAGCCTTA,,,N719,S521
SGCB9,Lin-Alpl+,Dystrophic,H08,O16,16,O,2,SGCB9.2,CGGAGCCT-GAGCCTTA,,,N720,S521
SGCB9,Lin-Sca1+,Dystrophic,H09,O17,17,O,1,SGCB9.1,TACGCTGC-GAGCCTTA,,,N721,S521
SGCB9,Lin-Sca1+,Dystrophic,H09,O18,18,O,2,SGCB9.2,ATGCGCAG-GAGCCTTA,,,N722,S521
SGCB9,Lin-Sca1+,Dystrophic,H10,O19,19,O,1,SGCB9.1,TAGCGCTC-GAGCCTTA,,,N723,S521
SGCB9,Lin-Sca1+,Dystrophic,H10,O20,20,O,2,SGCB9.2,ACTGAGCG-GAGCCTTA,,,N724,S521
SGCB9,Lin-Sca1+,Dystrophic,H11,O21,21,O,1,SGCB9.1,CCTAAGAC-GAGCCTTA,,,N726,S521
SGCB9,Lin-Sca1+,Dystrophic,H11,O22,22,O,2,SGCB9.2,CGATCAGT-GAGCCTTA,,,N727,S521
SGCB9,Lin-Sca1+,Dystrophic,H12,O23,23,O,1,SGCB9.1,TGCAGCTA-GAGCCTTA,,,N728,S521
SGCB9,Lin-Sca1+,Dystrophic,H12,O24,24,O,2,SGCB9.2,TCGACGTC-GAGCCTTA,,,N729,S521
WT39,Lin-Itga7+,Healthy,H01,P01,1,P,1,WT39.1,TAAGGCGA-TTATGCGA,,,N701,S522
WT39,Lin-Itga7+,Healthy,H01,P02,2,P,2,WT39.2,CGTACTAG-TTATGCGA,,,N702,S522
WT39,Lin-Itga7+,Healthy,H02,P03,3,P,1,WT39.1,AGGCAGAA-TTATGCGA,,,N703,S522
WT39,Lin-Itga7+,Healthy,H02,P04,4,P,2,WT39.2,TCCTGAGC-TTATGCGA,,,N704,S522
WT39,Lin-Itga7+,Healthy,H03,P05,5,P,1,WT39.1,GGACTCCT-TTATGCGA,,,N705,S522
WT39,Lin-Itga7+,Healthy,H03,P06,6,P,2,WT39.2,TAGGCATG-TTATGCGA,,,N706,S522
WT39,Lin-Itga7+,Healthy,H04,P07,7,P,1,WT39.1,CTCTCTAC-TTATGCGA,,,N707,S522
WT39,Lin-Itga7+,Healthy,H04,P08,8,P,2,WT39.2,CGAGGCTG-TTATGCGA,,,N710,S522
WT39,Lin-Alpl+,Healthy,H05,P09,9,P,1,WT39.1,AAGAGGCA-TTATGCGA,,,N711,S522
WT39,Lin-Alpl+,Healthy,H05,P10,10,P,2,WT39.2,GTAGAGGA-TTATGCGA,,,N712,S522
WT39,Lin-Alpl+,Healthy,H06,P11,11,P,1,WT39.1,GCTCATGA-TTATGCGA,,,N714,S522
WT39,Lin-Alpl+,Healthy,H06,P12,12,P,2,WT39.2,ATCTCAGG-TTATGCGA,,,N715,S522
WT39,Lin-Alpl+,Healthy,H07,P13,13,P,1,WT39.1,ACTCGCTA-TTATGCGA,,,N716,S522
WT39,Lin-Alpl+,Healthy,H07,P14,14,P,2,WT39.2,GGAGCTAC-TTATGCGA,,,N718,S522
WT39,Lin-Alpl+,Healthy,H08,P15,15,P,1,WT39.1,GCGTAGTA-TTATGCGA,,,N719,S522
WT39,Lin-Alpl+,Healthy,H08,P16,16,P,2,WT39.2,CGGAGCCT-TTATGCGA,,,N720,S522
WT39,Lin-Sca1+,Healthy,H09,P17,17,P,1,WT39.1,TACGCTGC-TTATGCGA,,,N721,S522
WT39,Lin-Sca1+,Healthy,H09,P18,18,P,2,WT39.2,ATGCGCAG-TTATGCGA,,,N722,S522
WT39,Lin-Sca1+,Healthy,H10,P19,19,P,1,WT39.1,TAGCGCTC-TTATGCGA,,,N723,S522
WT39,Lin-Sca1+,Healthy,H10,P20,20,P,2,WT39.2,ACTGAGCG-TTATGCGA,,,N724,S522
WT39,Lin-Sca1+,Healthy,H11,P21,21,P,1,WT39.1,CCTAAGAC-TTATGCGA,,,N726,S522
WT39,Lin-Sca1+,Healthy,H11,P22,22,P,2,WT39.2,CGATCAGT-TTATGCGA,,,N727,S522
WT39,Lin-Sca1+,Healthy,H12,P23,23,P,1,WT39.1,TGCAGCTA-TTATGCGA,,,N728,S522
WT39,Lin-Sca1+,Healthy,H12,P24,24,P,2,WT39.2,TCGACGTC-TTATGCGA,,,N729,S522
